{
    "splashScreen": {
        "desktop": {
            "desktopweb": {},
            "kiosk": {}
        },
        "mobile": {
            "android": {},
            "iphone": {
                "splashConfig": {
                    "children": [
                        {
                            "UIElementType": "imageUIElement",
                            "contentMode": "scaleToFill",
                            "height": "100%",
                            "left": "0dp",
                            "source": "splash.png",
                            "top": "0dp",
                            "visible": true,
                            "width": "100%"
                        }
                    ],
                    "skin": {
                        "backgroundColor": "ffffff00"
                    }
                }
            },
            "spa": {},
            "spaan": {},
            "spabb": {},
            "spaip": {},
            "spawinphone8": {},
            "winphone10": {},
            "winphone8": {}
        },
        "tablet": {
            "android": {},
            "ipad": {
                "landscape": {},
                "splashConfig": {
                    "children": [
                        {
                            "UIElementType": "imageUIElement",
                            "contentMode": "scaleToFill",
                            "height": "100%",
                            "left": "0dp",
                            "source": "splash.png",
                            "top": "0dp",
                            "visible": true,
                            "width": "100%"
                        }
                    ],
                    "skin": {
                        "backgroundColor": "ffffff00"
                    }
                }
            },
            "spa": {},
            "spaandroidtablet": {},
            "spaipad": {},
            "spawindowstablet": {},
            "windows8": {}
        }
    }
}